{
  "win_rate": 0.8599,
  "mean_rounds_survived": 16.7753,
  "pet_pick_frequency": {
    "ant": 66428,
    "fish": 91019,
    "cricket": 14548,
    "dog": 878,
    "flamingo": 7816,
    "whale": 4833,
    "mosquito": 48084,
    "hippo": 2436,
    "otter": 49448,
    "beaver": 52992,
    "blowfish": 5151,
    "rabbit": 3647,
    "shrimp": 11819,
    "duck": 20540,
    "giraffe": 7465,
    "pig": 49859,
    "hedgehog": 12512,
    "gorilla": 811,
    "ox": 5095,
    "horse": 50321,
    "rat": 12527,
    "deer": 2469,
    "turtle": 10775,
    "crocodile": 1284,
    "crab": 11587,
    "penguin": 2346,
    "dodo": 4919,
    "swan": 13747,
    "fly": 881,
    "eagle": 1405,
    "spider": 11595,
    "leopard": 770,
    "peacock": 12563,
    "kangaroo": 4001,
    "dragon": 1171,
    "sheep": 3995,
    "badger": 4662,
    "shark": 1234,
    "bison": 737,
    "camel": 2402,
    "boar": 711,
    "cow": 819,
    "monkey": 2132,
    "cat": 450,
    "scorpion": 1447,
    "sloth": 4
  },
  "pet_win_rate": {
    "ant": 0.8676588897827836,
    "fish": 0.8325289575289575,
    "cricket": 0.7982614994567185,
    "dog": 0.5838709677419355,
    "flamingo": 0.7570652173913044,
    "whale": 0.6529790660225443,
    "mosquito": 0.8321623731459797,
    "hippo": 0.6529477196885428,
    "otter": 0.8237954768928221,
    "beaver": 0.8379691689008043,
    "blowfish": 0.7140522875816994,
    "rabbit": 0.6592274678111588,
    "shrimp": 0.7554625755462575,
    "duck": 0.8193137797454344,
    "giraffe": 0.9016266460108443,
    "pig": 0.8125984251968504,
    "hedgehog": 0.7578749412317819,
    "gorilla": 0.7380281690140845,
    "ox": 0.6273393002441009,
    "horse": 0.815929203539823,
    "rat": 0.7584519572953736,
    "deer": 0.6106194690265486,
    "turtle": 0.7637286571296723,
    "crocodile": 0.6533333333333333,
    "crab": 0.7582720588235294,
    "penguin": 0.5632040050062578,
    "dodo": 0.7354709418837675,
    "swan": 0.7326779026217228,
    "fly": 0.6788990825688074,
    "eagle": 0.6702127659574468,
    "spider": 0.7595578074619991,
    "leopard": 0.774390243902439,
    "peacock": 0.7214548802946593,
    "kangaroo": 0.655793991416309,
    "dragon": 0.7513611615245009,
    "sheep": 0.6663770634231103,
    "badger": 0.6352941176470588,
    "shark": 0.6340640809443507,
    "bison": 0.63668430335097,
    "camel": 0.641213389121339,
    "boar": 0.7053571428571429,
    "cow": 0.5159817351598174,
    "monkey": 0.7088167053364269,
    "cat": 0.6724137931034483,
    "scorpion": 0.5506445672191529,
    "sloth": 0.75
  },
  "synergy_pairs": [
    {
      "pets": [
        "beaver",
        "fish"
      ],
      "co_occurrence": 3507,
      "win_rate": 0.8021100655831195
    },
    {
      "pets": [
        "fish",
        "otter"
      ],
      "co_occurrence": 2986,
      "win_rate": 0.7782987273945077
    },
    {
      "pets": [
        "fish",
        "horse"
      ],
      "co_occurrence": 2949,
      "win_rate": 0.7704306544591387
    },
    {
      "pets": [
        "beaver",
        "horse"
      ],
      "co_occurrence": 2945,
      "win_rate": 0.7867572156196944
    },
    {
      "pets": [
        "fish",
        "pig"
      ],
      "co_occurrence": 2935,
      "win_rate": 0.768313458262351
    },
    {
      "pets": [
        "beaver",
        "pig"
      ],
      "co_occurrence": 2927,
      "win_rate": 0.7786129142466689
    },
    {
      "pets": [
        "ant",
        "fish"
      ],
      "co_occurrence": 2924,
      "win_rate": 0.8341313269493844
    },
    {
      "pets": [
        "beaver",
        "mosquito"
      ],
      "co_occurrence": 2923,
      "win_rate": 0.8005473828258638
    },
    {
      "pets": [
        "beaver",
        "otter"
      ],
      "co_occurrence": 2910,
      "win_rate": 0.7927835051546391
    },
    {
      "pets": [
        "fish",
        "mosquito"
      ],
      "co_occurrence": 2891,
      "win_rate": 0.7893462469733656
    },
    {
      "pets": [
        "ant",
        "beaver"
      ],
      "co_occurrence": 2676,
      "win_rate": 0.8396860986547086
    },
    {
      "pets": [
        "horse",
        "pig"
      ],
      "co_occurrence": 2607,
      "win_rate": 0.7660145761411584
    },
    {
      "pets": [
        "horse",
        "otter"
      ],
      "co_occurrence": 2568,
      "win_rate": 0.7706386292834891
    },
    {
      "pets": [
        "horse",
        "mosquito"
      ],
      "co_occurrence": 2558,
      "win_rate": 0.7763878029710711
    },
    {
      "pets": [
        "mosquito",
        "pig"
      ],
      "co_occurrence": 2548,
      "win_rate": 0.7731554160125589
    },
    {
      "pets": [
        "otter",
        "pig"
      ],
      "co_occurrence": 2542,
      "win_rate": 0.7623918174665618
    },
    {
      "pets": [
        "mosquito",
        "otter"
      ],
      "co_occurrence": 2541,
      "win_rate": 0.7855175127902401
    },
    {
      "pets": [
        "ant",
        "pig"
      ],
      "co_occurrence": 2479,
      "win_rate": 0.8168616377571601
    },
    {
      "pets": [
        "ant",
        "horse"
      ],
      "co_occurrence": 2420,
      "win_rate": 0.8161157024793388
    },
    {
      "pets": [
        "ant",
        "mosquito"
      ],
      "co_occurrence": 2380,
      "win_rate": 0.8277310924369747
    }
  ],
  "win_rate_by_round": {
    "1": 0.8599,
    "2": 0.8599,
    "3": 0.8599,
    "4": 0.8599,
    "5": 0.8599,
    "6": 0.8599,
    "7": 0.8599,
    "8": 0.8599,
    "9": 0.8599,
    "10": 0.8599,
    "11": 0.8599,
    "12": 0.8711833042047908,
    "13": 0.8841005550114267,
    "14": 0.8952910553715097,
    "15": 0.9018716577540107,
    "16": 0.9075669747767507,
    "17": 0.90717462773158,
    "18": 0.8970771921059205,
    "19": 0.8899305555555556,
    "20": 0.8858350951374208,
    "21": 0.8782608695652174,
    "22": 0.8705636743215032,
    "23": 0.8413461538461539,
    "24": 0.8543689320388349,
    "25": 0.8888888888888888,
    "26": 0.9130434782608695,
    "27": 0.9117647058823529,
    "28": 0.9,
    "29": 0.8888888888888888,
    "30": 0.9130434782608695,
    "31": 0.9,
    "32": 0.8888888888888888,
    "33": 0.8666666666666667,
    "34": 0.8461538461538461,
    "35": 0.8461538461538461,
    "36": 0.8461538461538461,
    "37": 0.8461538461538461,
    "38": 0.8461538461538461,
    "39": 0.8333333333333334,
    "40": 0.8,
    "41": 0.8,
    "42": 0.75,
    "43": 0.7142857142857143,
    "44": 0.7142857142857143,
    "45": 0.7142857142857143,
    "46": 0.7142857142857143,
    "47": 0.7142857142857143,
    "48": 0.7142857142857143,
    "49": 0.7142857142857143,
    "50": 0.7142857142857143,
    "51": 0.7142857142857143,
    "52": 0.7142857142857143,
    "53": 0.7142857142857143,
    "54": 0.8333333333333334,
    "55": 0.8333333333333334,
    "56": 0.8333333333333334,
    "57": 0.8333333333333334,
    "58": 0.8333333333333334,
    "59": 0.8333333333333334,
    "60": 0.8333333333333334,
    "61": 0.8333333333333334,
    "62": 0.8,
    "63": 0.6666666666666666,
    "64": 0.6666666666666666,
    "65": 0.6666666666666666,
    "66": 0.6666666666666666,
    "67": 0.6666666666666666,
    "68": 0.6666666666666666,
    "69": 0.6666666666666666,
    "70": 0.6666666666666666,
    "71": 0.6666666666666666,
    "72": 0.6666666666666666,
    "73": 0.6666666666666666,
    "74": 0.5,
    "75": 0.5,
    "76": 0.5,
    "77": 0.5,
    "78": 0.5,
    "79": 0.5,
    "80": 0.5,
    "81": 0.5,
    "82": 0.5,
    "83": 0.5,
    "84": 0.5,
    "85": 0.5,
    "86": 0.5,
    "87": 0.5,
    "88": 0.5,
    "89": 0.5,
    "90": 0.5,
    "91": 0.5,
    "92": 0.5,
    "93": 0.5,
    "94": 0.5,
    "95": 0.5,
    "96": 0.5,
    "97": 0.5,
    "98": 0.5,
    "99": 0.5,
    "100": 1.0,
    "101": 1.0,
    "102": 1.0,
    "103": 1.0,
    "104": 1.0,
    "105": 1.0,
    "106": 1.0,
    "107": 1.0,
    "108": 1.0,
    "109": 1.0,
    "110": 1.0,
    "111": 1.0,
    "112": 1.0,
    "113": 1.0,
    "114": 1.0,
    "115": 1.0,
    "116": 1.0,
    "117": 1.0,
    "118": 1.0,
    "119": 1.0,
    "120": 1.0,